﻿<?xml version="1.0" encoding="utf-8"?>
<TextureAtlas imagePath="BOYFRIEND.png">
	<!-- Created with Adobe Animate version 20.5.0.29329 -->
	<!-- http://www.adobe.com/products/animate.html -->
	<SubTexture name="BF HEY!!0000" x="10" y="10" width="402" height="416" frameX="0" frameY="0" frameWidth="408" frameHeight="418"/>
	<SubTexture name="BF HEY!!0001" x="10" y="10" width="402" height="416" frameX="0" frameY="0" frameWidth="408" frameHeight="418"/>
	<SubTexture name="BF HEY!!0002" x="422" y="10" width="407" height="410" frameX="-1" frameY="-8" frameWidth="408" frameHeight="418"/>
	<SubTexture name="BF HEY!!0003" x="422" y="10" width="407" height="410" frameX="-1" frameY="-8" frameWidth="408" frameHeight="418"/>
	<SubTexture name="BF HEY!!0004" x="839" y="10" width="406" height="412" frameX="-1" frameY="-6" frameWidth="408" frameHeight="418"/>
	<SubTexture name="BF HEY!!0005" x="839" y="10" width="406" height="412" frameX="-1" frameY="-6" frameWidth="408" frameHeight="418"/>
	<SubTexture name="BF HEY!!0006" x="839" y="10" width="406" height="412" frameX="-1" frameY="-6" frameWidth="408" frameHeight="418"/>
	<SubTexture name="BF HEY!!0007" x="839" y="10" width="406" height="412" frameX="-1" frameY="-6" frameWidth="408" frameHeight="418"/>
	<SubTexture name="BF HEY!!0008" x="839" y="10" width="406" height="412" frameX="-1" frameY="-6" frameWidth="408" frameHeight="418"/>
	<SubTexture name="BF HEY!!0009" x="839" y="10" width="406" height="412" frameX="-1" frameY="-6" frameWidth="408" frameHeight="418"/>
	<SubTexture name="BF HEY!!0010" x="839" y="10" width="406" height="412" frameX="-1" frameY="-6" frameWidth="408" frameHeight="418"/>
	<SubTexture name="BF HEY!!0011" x="839" y="10" width="406" height="412" frameX="-1" frameY="-6" frameWidth="408" frameHeight="418"/>
	<SubTexture name="BF HEY!!0012" x="839" y="10" width="406" height="412" frameX="-1" frameY="-6" frameWidth="408" frameHeight="418"/>
	<SubTexture name="BF HEY!!0013" x="839" y="10" width="406" height="412" frameX="-1" frameY="-6" frameWidth="408" frameHeight="418"/>
	<SubTexture name="BF HEY!!0014" x="839" y="10" width="406" height="412" frameX="-1" frameY="-6" frameWidth="408" frameHeight="418"/>
	<SubTexture name="BF HEY!!0015" x="839" y="10" width="406" height="412" frameX="-1" frameY="-6" frameWidth="408" frameHeight="418"/>
	<SubTexture name="BF HEY!!0016" x="839" y="10" width="406" height="412" frameX="-1" frameY="-6" frameWidth="408" frameHeight="418"/>
	<SubTexture name="BF HEY!!0017" x="839" y="10" width="406" height="412" frameX="-1" frameY="-6" frameWidth="408" frameHeight="418"/>
	<SubTexture name="BF HEY!!0018" x="839" y="10" width="406" height="412" frameX="-1" frameY="-6" frameWidth="408" frameHeight="418"/>
	<SubTexture name="BF HEY!!0019" x="839" y="10" width="406" height="412" frameX="-1" frameY="-6" frameWidth="408" frameHeight="418"/>
	<SubTexture name="BF HEY!!0020" x="839" y="10" width="406" height="412" frameX="-1" frameY="-6" frameWidth="408" frameHeight="418"/>
	<SubTexture name="BF HEY!!0021" x="839" y="10" width="406" height="412" frameX="-1" frameY="-6" frameWidth="408" frameHeight="418"/>
	<SubTexture name="BF HEY!!0022" x="839" y="10" width="406" height="412" frameX="-1" frameY="-6" frameWidth="408" frameHeight="418"/>
	<SubTexture name="BF HEY!!0023" x="839" y="10" width="406" height="412" frameX="-1" frameY="-6" frameWidth="408" frameHeight="418"/>
	<SubTexture name="BF HEY!!0024" x="839" y="10" width="406" height="412" frameX="-1" frameY="-6" frameWidth="408" frameHeight="418"/>
	<SubTexture name="BF HEY!!0025" x="839" y="10" width="406" height="412" frameX="-1" frameY="-6" frameWidth="408" frameHeight="418"/>
	<SubTexture name="BF NOTE DOWN0000" x="1255" y="10" width="379" height="357" frameX="-1" frameY="-5" frameWidth="380" frameHeight="362"/>
	<SubTexture name="BF NOTE DOWN0001" x="1255" y="10" width="379" height="357" frameX="-1" frameY="-5" frameWidth="380" frameHeight="362"/>
	<SubTexture name="BF NOTE DOWN0002" x="1644" y="10" width="376" height="362" frameX="0" frameY="0" frameWidth="380" frameHeight="362"/>
	<SubTexture name="BF NOTE DOWN0003" x="1644" y="10" width="376" height="362" frameX="0" frameY="0" frameWidth="380" frameHeight="362"/>
	<SubTexture name="BF NOTE DOWN0004" x="2030" y="10" width="376" height="362" frameX="0" frameY="0" frameWidth="380" frameHeight="362"/>
	<SubTexture name="BF NOTE DOWN0005" x="2030" y="10" width="376" height="362" frameX="0" frameY="0" frameWidth="380" frameHeight="362"/>
	<SubTexture name="BF NOTE DOWN0006" x="2416" y="10" width="377" height="362" frameX="0" frameY="0" frameWidth="380" frameHeight="362"/>
	<SubTexture name="BF NOTE DOWN0007" x="2416" y="10" width="377" height="362" frameX="0" frameY="0" frameWidth="380" frameHeight="362"/>
	<SubTexture name="BF NOTE DOWN0008" x="2416" y="10" width="377" height="362" frameX="0" frameY="0" frameWidth="380" frameHeight="362"/>
	<SubTexture name="BF NOTE DOWN0009" x="2416" y="10" width="377" height="362" frameX="0" frameY="0" frameWidth="380" frameHeight="362"/>
	<SubTexture name="BF NOTE DOWN0010" x="2416" y="10" width="377" height="362" frameX="0" frameY="0" frameWidth="380" frameHeight="362"/>
	<SubTexture name="BF NOTE DOWN0011" x="2416" y="10" width="377" height="362" frameX="0" frameY="0" frameWidth="380" frameHeight="362"/>
	<SubTexture name="BF NOTE DOWN0012" x="2416" y="10" width="377" height="362" frameX="0" frameY="0" frameWidth="380" frameHeight="362"/>
	<SubTexture name="BF NOTE DOWN0013" x="2416" y="10" width="377" height="362" frameX="0" frameY="0" frameWidth="380" frameHeight="362"/>
	<SubTexture name="BF NOTE DOWN0014" x="2416" y="10" width="377" height="362" frameX="0" frameY="0" frameWidth="380" frameHeight="362"/>
	<SubTexture name="BF NOTE DOWN0015" x="2416" y="10" width="377" height="362" frameX="0" frameY="0" frameWidth="380" frameHeight="362"/>
	<SubTexture name="BF NOTE DOWN0016" x="2416" y="10" width="377" height="362" frameX="0" frameY="0" frameWidth="380" frameHeight="362"/>
	<SubTexture name="BF NOTE DOWN0017" x="2416" y="10" width="377" height="362" frameX="0" frameY="0" frameWidth="380" frameHeight="362"/>
	<SubTexture name="BF NOTE DOWN0018" x="2416" y="10" width="377" height="362" frameX="0" frameY="0" frameWidth="380" frameHeight="362"/>
	<SubTexture name="BF NOTE DOWN0019" x="2416" y="10" width="377" height="362" frameX="0" frameY="0" frameWidth="380" frameHeight="362"/>
	<SubTexture name="BF NOTE DOWN0020" x="2416" y="10" width="377" height="362" frameX="0" frameY="0" frameWidth="380" frameHeight="362"/>
	<SubTexture name="BF NOTE DOWN0021" x="2416" y="10" width="377" height="362" frameX="0" frameY="0" frameWidth="380" frameHeight="362"/>
	<SubTexture name="BF NOTE DOWN0022" x="2416" y="10" width="377" height="362" frameX="0" frameY="0" frameWidth="380" frameHeight="362"/>
	<SubTexture name="BF NOTE DOWN0023" x="2416" y="10" width="377" height="362" frameX="0" frameY="0" frameWidth="380" frameHeight="362"/>
	<SubTexture name="BF NOTE DOWN0024" x="2416" y="10" width="377" height="362" frameX="0" frameY="0" frameWidth="380" frameHeight="362"/>
	<SubTexture name="BF NOTE DOWN0025" x="2416" y="10" width="377" height="362" frameX="0" frameY="0" frameWidth="380" frameHeight="362"/>
	<SubTexture name="BF NOTE DOWN0026" x="2416" y="10" width="377" height="362" frameX="0" frameY="0" frameWidth="380" frameHeight="362"/>
	<SubTexture name="BF NOTE DOWN0027" x="2416" y="10" width="377" height="362" frameX="0" frameY="0" frameWidth="380" frameHeight="362"/>
	<SubTexture name="BF NOTE DOWN0028" x="2416" y="10" width="377" height="362" frameX="0" frameY="0" frameWidth="380" frameHeight="362"/>
	<SubTexture name="BF NOTE DOWN0029" x="2416" y="10" width="377" height="362" frameX="0" frameY="0" frameWidth="380" frameHeight="362"/>
	<SubTexture name="BF NOTE DOWN MISS0000" x="1255" y="10" width="379" height="357" frameX="0" frameY="-34" frameWidth="380" frameHeight="362"/>
	<SubTexture name="BF NOTE DOWN MISS0001" x="2803" y="10" width="376" height="392" frameX="-1" frameY="0" frameWidth="379" frameHeight="392"/>
	<SubTexture name="BF NOTE DOWN MISS0002" x="2803" y="10" width="376" height="392" frameX="-1" frameY="0" frameWidth="379" frameHeight="392"/>
	<SubTexture name="BF NOTE DOWN MISS0003" x="3189" y="10" width="378" height="388" frameX="0" frameY="-4" frameWidth="379" frameHeight="392"/>
	<SubTexture name="BF NOTE DOWN MISS0004" x="3189" y="10" width="378" height="388" frameX="0" frameY="-4" frameWidth="379" frameHeight="392"/>
	<SubTexture name="BF NOTE DOWN MISS0005" x="3189" y="10" width="378" height="388" frameX="0" frameY="-4" frameWidth="379" frameHeight="392"/>
	<SubTexture name="BF NOTE DOWN MISS0006" x="3189" y="10" width="378" height="388" frameX="0" frameY="-4" frameWidth="379" frameHeight="392"/>
	<SubTexture name="BF NOTE DOWN MISS0007" x="3189" y="10" width="378" height="388" frameX="0" frameY="-4" frameWidth="379" frameHeight="392"/>
	<SubTexture name="BF NOTE DOWN MISS0008" x="3189" y="10" width="378" height="388" frameX="0" frameY="-4" frameWidth="379" frameHeight="392"/>
	<SubTexture name="BF NOTE DOWN MISS0009" x="3189" y="10" width="378" height="388" frameX="0" frameY="-4" frameWidth="379" frameHeight="392"/>
	<SubTexture name="BF NOTE DOWN MISS0010" x="3189" y="10" width="378" height="388" frameX="0" frameY="-4" frameWidth="379" frameHeight="392"/>
	<SubTexture name="BF NOTE DOWN MISS0011" x="3189" y="10" width="378" height="388" frameX="0" frameY="-4" frameWidth="379" frameHeight="392"/>
	<SubTexture name="BF NOTE DOWN MISS0012" x="3189" y="10" width="378" height="388" frameX="0" frameY="-4" frameWidth="379" frameHeight="392"/>
	<SubTexture name="BF NOTE DOWN MISS0013" x="3189" y="10" width="378" height="388" frameX="0" frameY="-4" frameWidth="379" frameHeight="392"/>
	<SubTexture name="BF NOTE DOWN MISS0014" x="3189" y="10" width="378" height="388" frameX="0" frameY="-4" frameWidth="379" frameHeight="392"/>
	<SubTexture name="BF NOTE DOWN MISS0015" x="3189" y="10" width="378" height="388" frameX="0" frameY="-4" frameWidth="379" frameHeight="392"/>
	<SubTexture name="BF NOTE DOWN MISS0016" x="3189" y="10" width="378" height="388" frameX="0" frameY="-4" frameWidth="379" frameHeight="392"/>
	<SubTexture name="BF NOTE DOWN MISS0017" x="3189" y="10" width="378" height="388" frameX="0" frameY="-4" frameWidth="379" frameHeight="392"/>
	<SubTexture name="BF NOTE DOWN MISS0018" x="3189" y="10" width="378" height="388" frameX="0" frameY="-4" frameWidth="379" frameHeight="392"/>
	<SubTexture name="BF NOTE DOWN MISS0019" x="3189" y="10" width="378" height="388" frameX="0" frameY="-4" frameWidth="379" frameHeight="392"/>
	<SubTexture name="BF NOTE DOWN MISS0020" x="3189" y="10" width="378" height="388" frameX="0" frameY="-4" frameWidth="379" frameHeight="392"/>
	<SubTexture name="BF NOTE DOWN MISS0021" x="3189" y="10" width="378" height="388" frameX="0" frameY="-4" frameWidth="379" frameHeight="392"/>
	<SubTexture name="BF NOTE DOWN MISS0022" x="3189" y="10" width="378" height="388" frameX="0" frameY="-4" frameWidth="379" frameHeight="392"/>
	<SubTexture name="BF NOTE DOWN MISS0023" x="3189" y="10" width="378" height="388" frameX="0" frameY="-4" frameWidth="379" frameHeight="392"/>
	<SubTexture name="BF NOTE DOWN MISS0024" x="3189" y="10" width="378" height="388" frameX="0" frameY="-4" frameWidth="379" frameHeight="392"/>
	<SubTexture name="BF NOTE DOWN MISS0025" x="3189" y="10" width="378" height="388" frameX="0" frameY="-4" frameWidth="379" frameHeight="392"/>
	<SubTexture name="BF NOTE DOWN MISS0026" x="3189" y="10" width="378" height="388" frameX="0" frameY="-4" frameWidth="379" frameHeight="392"/>
	<SubTexture name="BF NOTE DOWN MISS0027" x="3189" y="10" width="378" height="388" frameX="0" frameY="-4" frameWidth="379" frameHeight="392"/>
	<SubTexture name="BF NOTE DOWN MISS0028" x="3189" y="10" width="378" height="388" frameX="0" frameY="-4" frameWidth="379" frameHeight="392"/>
	<SubTexture name="BF NOTE LEFT0000" x="3577" y="10" width="382" height="406" frameX="0" frameY="0" frameWidth="384" frameHeight="406"/>
	<SubTexture name="BF NOTE LEFT0001" x="3577" y="10" width="382" height="406" frameX="0" frameY="0" frameWidth="384" frameHeight="406"/>
	<SubTexture name="BF NOTE LEFT0002" x="10" y="436" width="373" height="404" frameX="-10" frameY="-2" frameWidth="384" frameHeight="406"/>
	<SubTexture name="BF NOTE LEFT0003" x="10" y="436" width="373" height="404" frameX="-10" frameY="-2" frameWidth="384" frameHeight="406"/>
	<SubTexture name="BF NOTE LEFT0004" x="393" y="436" width="373" height="404" frameX="-10" frameY="-2" frameWidth="384" frameHeight="406"/>
	<SubTexture name="BF NOTE LEFT0005" x="393" y="436" width="373" height="404" frameX="-10" frameY="-2" frameWidth="384" frameHeight="406"/>
	<SubTexture name="BF NOTE LEFT0006" x="776" y="436" width="374" height="404" frameX="-10" frameY="-2" frameWidth="384" frameHeight="406"/>
	<SubTexture name="BF NOTE LEFT0007" x="776" y="436" width="374" height="404" frameX="-10" frameY="-2" frameWidth="384" frameHeight="406"/>
	<SubTexture name="BF NOTE LEFT0008" x="776" y="436" width="374" height="404" frameX="-10" frameY="-2" frameWidth="384" frameHeight="406"/>
	<SubTexture name="BF NOTE LEFT0009" x="776" y="436" width="374" height="404" frameX="-10" frameY="-2" frameWidth="384" frameHeight="406"/>
	<SubTexture name="BF NOTE LEFT0010" x="776" y="436" width="374" height="404" frameX="-10" frameY="-2" frameWidth="384" frameHeight="406"/>
	<SubTexture name="BF NOTE LEFT0011" x="776" y="436" width="374" height="404" frameX="-10" frameY="-2" frameWidth="384" frameHeight="406"/>
	<SubTexture name="BF NOTE LEFT0012" x="776" y="436" width="374" height="404" frameX="-10" frameY="-2" frameWidth="384" frameHeight="406"/>
	<SubTexture name="BF NOTE LEFT0013" x="776" y="436" width="374" height="404" frameX="-10" frameY="-2" frameWidth="384" frameHeight="406"/>
	<SubTexture name="BF NOTE LEFT0014" x="776" y="436" width="374" height="404" frameX="-10" frameY="-2" frameWidth="384" frameHeight="406"/>
	<SubTexture name="BF NOTE LEFT MISS0000" x="1160" y="436" width="382" height="405" frameX="0" frameY="-27" frameWidth="384" frameHeight="432"/>
	<SubTexture name="BF NOTE LEFT MISS0001" x="1552" y="436" width="369" height="430" frameX="-15" frameY="0" frameWidth="384" frameHeight="432"/>
	<SubTexture name="BF NOTE LEFT MISS0002" x="1552" y="436" width="369" height="430" frameX="-15" frameY="0" frameWidth="384" frameHeight="432"/>
	<SubTexture name="BF NOTE LEFT MISS0003" x="1931" y="436" width="370" height="430" frameX="-13" frameY="0" frameWidth="384" frameHeight="432"/>
	<SubTexture name="BF NOTE LEFT MISS0004" x="1931" y="436" width="370" height="430" frameX="-13" frameY="0" frameWidth="384" frameHeight="432"/>
	<SubTexture name="BF NOTE LEFT MISS0005" x="1931" y="436" width="370" height="430" frameX="-13" frameY="0" frameWidth="384" frameHeight="432"/>
	<SubTexture name="BF NOTE LEFT MISS0006" x="1931" y="436" width="370" height="430" frameX="-13" frameY="0" frameWidth="384" frameHeight="432"/>
	<SubTexture name="BF NOTE LEFT MISS0007" x="1931" y="436" width="370" height="430" frameX="-13" frameY="0" frameWidth="384" frameHeight="432"/>
	<SubTexture name="BF NOTE LEFT MISS0008" x="1931" y="436" width="370" height="430" frameX="-13" frameY="0" frameWidth="384" frameHeight="432"/>
	<SubTexture name="BF NOTE LEFT MISS0009" x="1931" y="436" width="370" height="430" frameX="-13" frameY="0" frameWidth="384" frameHeight="432"/>
	<SubTexture name="BF NOTE LEFT MISS0010" x="1931" y="436" width="370" height="430" frameX="-13" frameY="0" frameWidth="384" frameHeight="432"/>
	<SubTexture name="BF NOTE LEFT MISS0011" x="1931" y="436" width="370" height="430" frameX="-13" frameY="0" frameWidth="384" frameHeight="432"/>
	<SubTexture name="BF NOTE LEFT MISS0012" x="1931" y="436" width="370" height="430" frameX="-13" frameY="0" frameWidth="384" frameHeight="432"/>
	<SubTexture name="BF NOTE LEFT MISS0013" x="1931" y="436" width="370" height="430" frameX="-13" frameY="0" frameWidth="384" frameHeight="432"/>
	<SubTexture name="BF NOTE LEFT MISS0014" x="1931" y="436" width="370" height="430" frameX="-13" frameY="0" frameWidth="384" frameHeight="432"/>
	<SubTexture name="BF NOTE LEFT MISS0015" x="1931" y="436" width="370" height="430" frameX="-13" frameY="0" frameWidth="384" frameHeight="432"/>
	<SubTexture name="BF NOTE LEFT MISS0016" x="1931" y="436" width="370" height="430" frameX="-13" frameY="0" frameWidth="384" frameHeight="432"/>
	<SubTexture name="BF NOTE LEFT MISS0017" x="1931" y="436" width="370" height="430" frameX="-13" frameY="0" frameWidth="384" frameHeight="432"/>
	<SubTexture name="BF NOTE LEFT MISS0018" x="1931" y="436" width="370" height="430" frameX="-13" frameY="0" frameWidth="384" frameHeight="432"/>
	<SubTexture name="BF NOTE LEFT MISS0019" x="1931" y="436" width="370" height="430" frameX="-13" frameY="0" frameWidth="384" frameHeight="432"/>
	<SubTexture name="BF NOTE LEFT MISS0020" x="1931" y="436" width="370" height="430" frameX="-13" frameY="0" frameWidth="384" frameHeight="432"/>
	<SubTexture name="BF NOTE LEFT MISS0021" x="1931" y="436" width="370" height="430" frameX="-13" frameY="0" frameWidth="384" frameHeight="432"/>
	<SubTexture name="BF NOTE LEFT MISS0022" x="1931" y="436" width="370" height="430" frameX="-13" frameY="0" frameWidth="384" frameHeight="432"/>
	<SubTexture name="BF NOTE LEFT MISS0023" x="1931" y="436" width="370" height="430" frameX="-13" frameY="0" frameWidth="384" frameHeight="432"/>
	<SubTexture name="BF NOTE LEFT MISS0024" x="1931" y="436" width="370" height="430" frameX="-13" frameY="0" frameWidth="384" frameHeight="432"/>
	<SubTexture name="BF NOTE LEFT MISS0025" x="1931" y="436" width="370" height="430" frameX="-13" frameY="0" frameWidth="384" frameHeight="432"/>
	<SubTexture name="BF NOTE LEFT MISS0026" x="1931" y="436" width="370" height="430" frameX="-13" frameY="0" frameWidth="384" frameHeight="432"/>
	<SubTexture name="BF NOTE LEFT MISS0027" x="1931" y="436" width="370" height="430" frameX="-13" frameY="0" frameWidth="384" frameHeight="432"/>
	<SubTexture name="BF NOTE LEFT MISS0028" x="1931" y="436" width="370" height="430" frameX="-13" frameY="0" frameWidth="384" frameHeight="432"/>
	<SubTexture name="BF NOTE LEFT MISS0029" x="1931" y="436" width="370" height="430" frameX="-13" frameY="0" frameWidth="384" frameHeight="432"/>
	<SubTexture name="BF NOTE LEFT MISS0030" x="1931" y="436" width="370" height="430" frameX="-13" frameY="0" frameWidth="384" frameHeight="432"/>
	<SubTexture name="BF NOTE LEFT MISS0031" x="1931" y="436" width="370" height="430" frameX="-13" frameY="0" frameWidth="384" frameHeight="432"/>
	<SubTexture name="BF NOTE LEFT MISS0032" x="1931" y="436" width="370" height="430" frameX="-13" frameY="0" frameWidth="384" frameHeight="432"/>
	<SubTexture name="BF NOTE LEFT MISS0033" x="1931" y="436" width="370" height="430" frameX="-13" frameY="0" frameWidth="384" frameHeight="432"/>
	<SubTexture name="BF NOTE RIGHT0000" x="2311" y="436" width="397" height="405" frameX="-1" frameY="-2" frameWidth="405" frameHeight="407"/>
	<SubTexture name="BF NOTE RIGHT0001" x="2311" y="436" width="397" height="405" frameX="-1" frameY="-2" frameWidth="405" frameHeight="407"/>
	<SubTexture name="BF NOTE RIGHT0002" x="2718" y="436" width="405" height="407"/>
	<SubTexture name="BF NOTE RIGHT0003" x="2718" y="436" width="405" height="407"/>
	<SubTexture name="BF NOTE RIGHT0004" x="3133" y="436" width="402" height="407" frameX="0" frameY="0" frameWidth="405" frameHeight="407"/>
	<SubTexture name="BF NOTE RIGHT0005" x="3133" y="436" width="402" height="407" frameX="0" frameY="0" frameWidth="405" frameHeight="407"/>
	<SubTexture name="BF NOTE RIGHT0006" x="3545" y="436" width="401" height="407" frameX="0" frameY="0" frameWidth="405" frameHeight="407"/>
	<SubTexture name="BF NOTE RIGHT0007" x="3545" y="436" width="401" height="407" frameX="0" frameY="0" frameWidth="405" frameHeight="407"/>
	<SubTexture name="BF NOTE RIGHT0008" x="3545" y="436" width="401" height="407" frameX="0" frameY="0" frameWidth="405" frameHeight="407"/>
	<SubTexture name="BF NOTE RIGHT0009" x="3545" y="436" width="401" height="407" frameX="0" frameY="0" frameWidth="405" frameHeight="407"/>
	<SubTexture name="BF NOTE RIGHT0010" x="3545" y="436" width="401" height="407" frameX="0" frameY="0" frameWidth="405" frameHeight="407"/>
	<SubTexture name="BF NOTE RIGHT0011" x="3545" y="436" width="401" height="407" frameX="0" frameY="0" frameWidth="405" frameHeight="407"/>
	<SubTexture name="BF NOTE RIGHT0012" x="3545" y="436" width="401" height="407" frameX="0" frameY="0" frameWidth="405" frameHeight="407"/>
	<SubTexture name="BF NOTE RIGHT0013" x="3545" y="436" width="401" height="407" frameX="0" frameY="0" frameWidth="405" frameHeight="407"/>
	<SubTexture name="BF NOTE RIGHT0014" x="3545" y="436" width="401" height="407" frameX="0" frameY="0" frameWidth="405" frameHeight="407"/>
	<SubTexture name="BF NOTE RIGHT0015" x="3545" y="436" width="401" height="407" frameX="0" frameY="0" frameWidth="405" frameHeight="407"/>
	<SubTexture name="BF NOTE RIGHT0016" x="3545" y="436" width="401" height="407" frameX="0" frameY="0" frameWidth="405" frameHeight="407"/>
	<SubTexture name="BF NOTE RIGHT0017" x="3545" y="436" width="401" height="407" frameX="0" frameY="0" frameWidth="405" frameHeight="407"/>
	<SubTexture name="BF NOTE RIGHT0018" x="3545" y="436" width="401" height="407" frameX="0" frameY="0" frameWidth="405" frameHeight="407"/>
	<SubTexture name="BF NOTE RIGHT0019" x="3545" y="436" width="401" height="407" frameX="0" frameY="0" frameWidth="405" frameHeight="407"/>
	<SubTexture name="BF NOTE RIGHT0020" x="3545" y="436" width="401" height="407" frameX="0" frameY="0" frameWidth="405" frameHeight="407"/>
	<SubTexture name="BF NOTE RIGHT0021" x="3545" y="436" width="401" height="407" frameX="0" frameY="0" frameWidth="405" frameHeight="407"/>
	<SubTexture name="BF NOTE RIGHT0022" x="3545" y="436" width="401" height="407" frameX="0" frameY="0" frameWidth="405" frameHeight="407"/>
	<SubTexture name="BF NOTE RIGHT0023" x="3545" y="436" width="401" height="407" frameX="0" frameY="0" frameWidth="405" frameHeight="407"/>
	<SubTexture name="BF NOTE RIGHT0024" x="3545" y="436" width="401" height="407" frameX="0" frameY="0" frameWidth="405" frameHeight="407"/>
	<SubTexture name="BF NOTE RIGHT0025" x="3545" y="436" width="401" height="407" frameX="0" frameY="0" frameWidth="405" frameHeight="407"/>
	<SubTexture name="BF NOTE RIGHT0026" x="3545" y="436" width="401" height="407" frameX="0" frameY="0" frameWidth="405" frameHeight="407"/>
	<SubTexture name="BF NOTE RIGHT0027" x="3545" y="436" width="401" height="407" frameX="0" frameY="0" frameWidth="405" frameHeight="407"/>
	<SubTexture name="BF NOTE RIGHT0028" x="3545" y="436" width="401" height="407" frameX="0" frameY="0" frameWidth="405" frameHeight="407"/>
	<SubTexture name="BF NOTE RIGHT0029" x="3545" y="436" width="401" height="407" frameX="0" frameY="0" frameWidth="405" frameHeight="407"/>
	<SubTexture name="BF NOTE RIGHT0030" x="3545" y="436" width="401" height="407" frameX="0" frameY="0" frameWidth="405" frameHeight="407"/>
	<SubTexture name="BF NOTE RIGHT0031" x="3545" y="436" width="401" height="407" frameX="0" frameY="0" frameWidth="405" frameHeight="407"/>
	<SubTexture name="BF NOTE RIGHT0032" x="3545" y="436" width="401" height="407" frameX="0" frameY="0" frameWidth="405" frameHeight="407"/>
	<SubTexture name="BF NOTE RIGHT0033" x="3545" y="436" width="401" height="407" frameX="0" frameY="0" frameWidth="405" frameHeight="407"/>
	<SubTexture name="BF NOTE RIGHT0034" x="3545" y="436" width="401" height="407" frameX="0" frameY="0" frameWidth="405" frameHeight="407"/>
	<SubTexture name="BF NOTE RIGHT0035" x="3545" y="436" width="401" height="407" frameX="0" frameY="0" frameWidth="405" frameHeight="407"/>
	<SubTexture name="BF NOTE RIGHT0036" x="3545" y="436" width="401" height="407" frameX="0" frameY="0" frameWidth="405" frameHeight="407"/>
	<SubTexture name="BF NOTE RIGHT0037" x="3545" y="436" width="401" height="407" frameX="0" frameY="0" frameWidth="405" frameHeight="407"/>
	<SubTexture name="BF NOTE RIGHT0038" x="3545" y="436" width="401" height="407" frameX="0" frameY="0" frameWidth="405" frameHeight="407"/>
	<SubTexture name="BF NOTE RIGHT0039" x="3545" y="436" width="401" height="407" frameX="0" frameY="0" frameWidth="405" frameHeight="407"/>
	<SubTexture name="BF NOTE RIGHT0040" x="3545" y="436" width="401" height="407" frameX="0" frameY="0" frameWidth="405" frameHeight="407"/>
	<SubTexture name="BF NOTE RIGHT0041" x="3545" y="436" width="401" height="407" frameX="0" frameY="0" frameWidth="405" frameHeight="407"/>
	<SubTexture name="BF NOTE RIGHT0042" x="3545" y="436" width="401" height="407" frameX="0" frameY="0" frameWidth="405" frameHeight="407"/>
	<SubTexture name="BF NOTE RIGHT0043" x="3545" y="436" width="401" height="407" frameX="0" frameY="0" frameWidth="405" frameHeight="407"/>
	<SubTexture name="BF NOTE RIGHT0044" x="3545" y="436" width="401" height="407" frameX="0" frameY="0" frameWidth="405" frameHeight="407"/>
	<SubTexture name="BF NOTE RIGHT0045" x="3545" y="436" width="401" height="407" frameX="0" frameY="0" frameWidth="405" frameHeight="407"/>
	<SubTexture name="BF NOTE RIGHT0046" x="3545" y="436" width="401" height="407" frameX="0" frameY="0" frameWidth="405" frameHeight="407"/>
	<SubTexture name="BF NOTE RIGHT0047" x="3545" y="436" width="401" height="407" frameX="0" frameY="0" frameWidth="405" frameHeight="407"/>
	<SubTexture name="BF NOTE RIGHT0048" x="3545" y="436" width="401" height="407" frameX="0" frameY="0" frameWidth="405" frameHeight="407"/>
	<SubTexture name="BF NOTE RIGHT0049" x="3545" y="436" width="401" height="407" frameX="0" frameY="0" frameWidth="405" frameHeight="407"/>
	<SubTexture name="BF NOTE RIGHT0050" x="3545" y="436" width="401" height="407" frameX="0" frameY="0" frameWidth="405" frameHeight="407"/>
	<SubTexture name="BF NOTE RIGHT0051" x="3545" y="436" width="401" height="407" frameX="0" frameY="0" frameWidth="405" frameHeight="407"/>
	<SubTexture name="BF NOTE RIGHT0052" x="3545" y="436" width="401" height="407" frameX="0" frameY="0" frameWidth="405" frameHeight="407"/>
	<SubTexture name="BF NOTE RIGHT0053" x="3545" y="436" width="401" height="407" frameX="0" frameY="0" frameWidth="405" frameHeight="407"/>
	<SubTexture name="BF NOTE RIGHT0054" x="3545" y="436" width="401" height="407" frameX="0" frameY="0" frameWidth="405" frameHeight="407"/>
	<SubTexture name="BF NOTE RIGHT0055" x="3545" y="436" width="401" height="407" frameX="0" frameY="0" frameWidth="405" frameHeight="407"/>
	<SubTexture name="BF NOTE RIGHT0056" x="3545" y="436" width="401" height="407" frameX="0" frameY="0" frameWidth="405" frameHeight="407"/>
	<SubTexture name="BF NOTE RIGHT0057" x="3545" y="436" width="401" height="407" frameX="0" frameY="0" frameWidth="405" frameHeight="407"/>
	<SubTexture name="BF NOTE RIGHT0058" x="3545" y="436" width="401" height="407" frameX="0" frameY="0" frameWidth="405" frameHeight="407"/>
	<SubTexture name="BF NOTE RIGHT0059" x="3545" y="436" width="401" height="407" frameX="0" frameY="0" frameWidth="405" frameHeight="407"/>
	<SubTexture name="BF NOTE RIGHT0060" x="3545" y="436" width="401" height="407" frameX="0" frameY="0" frameWidth="405" frameHeight="407"/>
	<SubTexture name="BF NOTE RIGHT0061" x="3545" y="436" width="401" height="407" frameX="0" frameY="0" frameWidth="405" frameHeight="407"/>
	<SubTexture name="BF NOTE RIGHT MISS0000" x="2311" y="436" width="397" height="405" frameX="-4" frameY="-30" frameWidth="405" frameHeight="407"/>
	<SubTexture name="BF NOTE RIGHT MISS0001" x="10" y="876" width="395" height="432" frameX="0" frameY="0" frameWidth="402" frameHeight="434"/>
	<SubTexture name="BF NOTE RIGHT MISS0002" x="10" y="876" width="395" height="432" frameX="0" frameY="0" frameWidth="402" frameHeight="434"/>
	<SubTexture name="BF NOTE RIGHT MISS0003" x="415" y="876" width="400" height="432" frameX="-1" frameY="0" frameWidth="402" frameHeight="434"/>
	<SubTexture name="BF NOTE RIGHT MISS0004" x="415" y="876" width="400" height="432" frameX="-1" frameY="0" frameWidth="402" frameHeight="434"/>
	<SubTexture name="BF NOTE RIGHT MISS0005" x="415" y="876" width="400" height="432" frameX="-1" frameY="0" frameWidth="402" frameHeight="434"/>
	<SubTexture name="BF NOTE RIGHT MISS0006" x="415" y="876" width="400" height="432" frameX="-1" frameY="0" frameWidth="402" frameHeight="434"/>
	<SubTexture name="BF NOTE RIGHT MISS0007" x="415" y="876" width="400" height="432" frameX="-1" frameY="0" frameWidth="402" frameHeight="434"/>
	<SubTexture name="BF NOTE RIGHT MISS0008" x="415" y="876" width="400" height="432" frameX="-1" frameY="0" frameWidth="402" frameHeight="434"/>
	<SubTexture name="BF NOTE RIGHT MISS0009" x="415" y="876" width="400" height="432" frameX="-1" frameY="0" frameWidth="402" frameHeight="434"/>
	<SubTexture name="BF NOTE RIGHT MISS0010" x="415" y="876" width="400" height="432" frameX="-1" frameY="0" frameWidth="402" frameHeight="434"/>
	<SubTexture name="BF NOTE RIGHT MISS0011" x="415" y="876" width="400" height="432" frameX="-1" frameY="0" frameWidth="402" frameHeight="434"/>
	<SubTexture name="BF NOTE RIGHT MISS0012" x="415" y="876" width="400" height="432" frameX="-1" frameY="0" frameWidth="402" frameHeight="434"/>
	<SubTexture name="BF NOTE RIGHT MISS0013" x="415" y="876" width="400" height="432" frameX="-1" frameY="0" frameWidth="402" frameHeight="434"/>
	<SubTexture name="BF NOTE RIGHT MISS0014" x="415" y="876" width="400" height="432" frameX="-1" frameY="0" frameWidth="402" frameHeight="434"/>
	<SubTexture name="BF NOTE RIGHT MISS0015" x="415" y="876" width="400" height="432" frameX="-1" frameY="0" frameWidth="402" frameHeight="434"/>
	<SubTexture name="BF NOTE RIGHT MISS0016" x="415" y="876" width="400" height="432" frameX="-1" frameY="0" frameWidth="402" frameHeight="434"/>
	<SubTexture name="BF NOTE RIGHT MISS0017" x="415" y="876" width="400" height="432" frameX="-1" frameY="0" frameWidth="402" frameHeight="434"/>
	<SubTexture name="BF NOTE RIGHT MISS0018" x="415" y="876" width="400" height="432" frameX="-1" frameY="0" frameWidth="402" frameHeight="434"/>
	<SubTexture name="BF NOTE RIGHT MISS0019" x="415" y="876" width="400" height="432" frameX="-1" frameY="0" frameWidth="402" frameHeight="434"/>
	<SubTexture name="BF NOTE RIGHT MISS0020" x="415" y="876" width="400" height="432" frameX="-1" frameY="0" frameWidth="402" frameHeight="434"/>
	<SubTexture name="BF NOTE RIGHT MISS0021" x="415" y="876" width="400" height="432" frameX="-1" frameY="0" frameWidth="402" frameHeight="434"/>
	<SubTexture name="BF NOTE RIGHT MISS0022" x="415" y="876" width="400" height="432" frameX="-1" frameY="0" frameWidth="402" frameHeight="434"/>
	<SubTexture name="BF NOTE RIGHT MISS0023" x="415" y="876" width="400" height="432" frameX="-1" frameY="0" frameWidth="402" frameHeight="434"/>
	<SubTexture name="BF NOTE RIGHT MISS0024" x="415" y="876" width="400" height="432" frameX="-1" frameY="0" frameWidth="402" frameHeight="434"/>
	<SubTexture name="BF NOTE RIGHT MISS0025" x="415" y="876" width="400" height="432" frameX="-1" frameY="0" frameWidth="402" frameHeight="434"/>
	<SubTexture name="BF NOTE RIGHT MISS0026" x="415" y="876" width="400" height="432" frameX="-1" frameY="0" frameWidth="402" frameHeight="434"/>
	<SubTexture name="BF NOTE RIGHT MISS0027" x="415" y="876" width="400" height="432" frameX="-1" frameY="0" frameWidth="402" frameHeight="434"/>
	<SubTexture name="BF NOTE RIGHT MISS0028" x="415" y="876" width="400" height="432" frameX="-1" frameY="0" frameWidth="402" frameHeight="434"/>
	<SubTexture name="BF NOTE RIGHT MISS0029" x="415" y="876" width="400" height="432" frameX="-1" frameY="0" frameWidth="402" frameHeight="434"/>
	<SubTexture name="BF NOTE RIGHT MISS0030" x="415" y="876" width="400" height="432" frameX="-1" frameY="0" frameWidth="402" frameHeight="434"/>
	<SubTexture name="BF NOTE RIGHT MISS0031" x="415" y="876" width="400" height="432" frameX="-1" frameY="0" frameWidth="402" frameHeight="434"/>
	<SubTexture name="BF NOTE RIGHT MISS0032" x="415" y="876" width="400" height="432" frameX="-1" frameY="0" frameWidth="402" frameHeight="434"/>
	<SubTexture name="BF NOTE RIGHT MISS0033" x="415" y="876" width="400" height="432" frameX="-1" frameY="0" frameWidth="402" frameHeight="434"/>
	<SubTexture name="BF NOTE RIGHT MISS0034" x="415" y="876" width="400" height="432" frameX="-1" frameY="0" frameWidth="402" frameHeight="434"/>
	<SubTexture name="BF NOTE RIGHT MISS0035" x="415" y="876" width="400" height="432" frameX="-1" frameY="0" frameWidth="402" frameHeight="434"/>
	<SubTexture name="BF NOTE RIGHT MISS0036" x="415" y="876" width="400" height="432" frameX="-1" frameY="0" frameWidth="402" frameHeight="434"/>
	<SubTexture name="BF NOTE RIGHT MISS0037" x="415" y="876" width="400" height="432" frameX="-1" frameY="0" frameWidth="402" frameHeight="434"/>
	<SubTexture name="BF NOTE RIGHT MISS0038" x="415" y="876" width="400" height="432" frameX="-1" frameY="0" frameWidth="402" frameHeight="434"/>
	<SubTexture name="BF NOTE RIGHT MISS0039" x="415" y="876" width="400" height="432" frameX="-1" frameY="0" frameWidth="402" frameHeight="434"/>
	<SubTexture name="BF NOTE RIGHT MISS0040" x="415" y="876" width="400" height="432" frameX="-1" frameY="0" frameWidth="402" frameHeight="434"/>
	<SubTexture name="BF NOTE RIGHT MISS0041" x="415" y="876" width="400" height="432" frameX="-1" frameY="0" frameWidth="402" frameHeight="434"/>
	<SubTexture name="BF NOTE RIGHT MISS0042" x="415" y="876" width="400" height="432" frameX="-1" frameY="0" frameWidth="402" frameHeight="434"/>
	<SubTexture name="BF NOTE RIGHT MISS0043" x="415" y="876" width="400" height="432" frameX="-1" frameY="0" frameWidth="402" frameHeight="434"/>
	<SubTexture name="BF NOTE RIGHT MISS0044" x="415" y="876" width="400" height="432" frameX="-1" frameY="0" frameWidth="402" frameHeight="434"/>
	<SubTexture name="BF NOTE RIGHT MISS0045" x="415" y="876" width="400" height="432" frameX="-1" frameY="0" frameWidth="402" frameHeight="434"/>
	<SubTexture name="BF NOTE UP0000" x="825" y="876" width="370" height="446" frameX="-5" frameY="0" frameWidth="377" frameHeight="446"/>
	<SubTexture name="BF NOTE UP0001" x="825" y="876" width="370" height="446" frameX="-5" frameY="0" frameWidth="377" frameHeight="446"/>
	<SubTexture name="BF NOTE UP0002" x="1205" y="876" width="377" height="441" frameX="0" frameY="-5" frameWidth="377" frameHeight="446"/>
	<SubTexture name="BF NOTE UP0003" x="1205" y="876" width="377" height="441" frameX="0" frameY="-5" frameWidth="377" frameHeight="446"/>
	<SubTexture name="BF NOTE UP0004" x="1592" y="876" width="377" height="441" frameX="0" frameY="-5" frameWidth="377" frameHeight="446"/>
	<SubTexture name="BF NOTE UP0005" x="1592" y="876" width="377" height="441" frameX="0" frameY="-5" frameWidth="377" frameHeight="446"/>
	<SubTexture name="BF NOTE UP0006" x="1979" y="876" width="377" height="441" frameX="0" frameY="-5" frameWidth="377" frameHeight="446"/>
	<SubTexture name="BF NOTE UP0007" x="1979" y="876" width="377" height="441" frameX="0" frameY="-5" frameWidth="377" frameHeight="446"/>
	<SubTexture name="BF NOTE UP0008" x="1979" y="876" width="377" height="441" frameX="0" frameY="-5" frameWidth="377" frameHeight="446"/>
	<SubTexture name="BF NOTE UP0009" x="1979" y="876" width="377" height="441" frameX="0" frameY="-5" frameWidth="377" frameHeight="446"/>
	<SubTexture name="BF NOTE UP0010" x="1979" y="876" width="377" height="441" frameX="0" frameY="-5" frameWidth="377" frameHeight="446"/>
	<SubTexture name="BF NOTE UP0011" x="1979" y="876" width="377" height="441" frameX="0" frameY="-5" frameWidth="377" frameHeight="446"/>
	<SubTexture name="BF NOTE UP0012" x="1979" y="876" width="377" height="441" frameX="0" frameY="-5" frameWidth="377" frameHeight="446"/>
	<SubTexture name="BF NOTE UP0013" x="1979" y="876" width="377" height="441" frameX="0" frameY="-5" frameWidth="377" frameHeight="446"/>
	<SubTexture name="BF NOTE UP0014" x="1979" y="876" width="377" height="441" frameX="0" frameY="-5" frameWidth="377" frameHeight="446"/>
	<SubTexture name="BF NOTE UP MISS0000" x="825" y="876" width="370" height="446" frameX="-8" frameY="0" frameWidth="377" frameHeight="446"/>
	<SubTexture name="BF NOTE UP MISS0001" x="2366" y="876" width="360" height="427" frameX="0" frameY="-16" frameWidth="378" frameHeight="447"/>
	<SubTexture name="BF NOTE UP MISS0002" x="2366" y="876" width="360" height="427" frameX="0" frameY="-16" frameWidth="378" frameHeight="447"/>
	<SubTexture name="BF NOTE UP MISS0003" x="2736" y="876" width="357" height="430" frameX="-1" frameY="-13" frameWidth="378" frameHeight="447"/>
	<SubTexture name="BF NOTE UP MISS0004" x="2736" y="876" width="357" height="430" frameX="-1" frameY="-13" frameWidth="378" frameHeight="447"/>
	<SubTexture name="BF NOTE UP MISS0005" x="2736" y="876" width="357" height="430" frameX="-1" frameY="-13" frameWidth="378" frameHeight="447"/>
	<SubTexture name="BF NOTE UP MISS0006" x="2736" y="876" width="357" height="430" frameX="-1" frameY="-13" frameWidth="378" frameHeight="447"/>
	<SubTexture name="BF NOTE UP MISS0007" x="2736" y="876" width="357" height="430" frameX="-1" frameY="-13" frameWidth="378" frameHeight="447"/>
	<SubTexture name="BF NOTE UP MISS0008" x="2736" y="876" width="357" height="430" frameX="-1" frameY="-13" frameWidth="378" frameHeight="447"/>
	<SubTexture name="BF NOTE UP MISS0009" x="2736" y="876" width="357" height="430" frameX="-1" frameY="-13" frameWidth="378" frameHeight="447"/>
	<SubTexture name="BF NOTE UP MISS0010" x="2736" y="876" width="357" height="430" frameX="-1" frameY="-13" frameWidth="378" frameHeight="447"/>
	<SubTexture name="BF NOTE UP MISS0011" x="2736" y="876" width="357" height="430" frameX="-1" frameY="-13" frameWidth="378" frameHeight="447"/>
	<SubTexture name="BF NOTE UP MISS0012" x="2736" y="876" width="357" height="430" frameX="-1" frameY="-13" frameWidth="378" frameHeight="447"/>
	<SubTexture name="BF NOTE UP MISS0013" x="2736" y="876" width="357" height="430" frameX="-1" frameY="-13" frameWidth="378" frameHeight="447"/>
	<SubTexture name="BF NOTE UP MISS0014" x="2736" y="876" width="357" height="430" frameX="-1" frameY="-13" frameWidth="378" frameHeight="447"/>
	<SubTexture name="BF NOTE UP MISS0015" x="2736" y="876" width="357" height="430" frameX="-1" frameY="-13" frameWidth="378" frameHeight="447"/>
	<SubTexture name="BF NOTE UP MISS0016" x="2736" y="876" width="357" height="430" frameX="-1" frameY="-13" frameWidth="378" frameHeight="447"/>
	<SubTexture name="BF NOTE UP MISS0017" x="2736" y="876" width="357" height="430" frameX="-1" frameY="-13" frameWidth="378" frameHeight="447"/>
	<SubTexture name="BF NOTE UP MISS0018" x="2736" y="876" width="357" height="430" frameX="-1" frameY="-13" frameWidth="378" frameHeight="447"/>
	<SubTexture name="BF NOTE UP MISS0019" x="2736" y="876" width="357" height="430" frameX="-1" frameY="-13" frameWidth="378" frameHeight="447"/>
	<SubTexture name="BF NOTE UP MISS0020" x="2736" y="876" width="357" height="430" frameX="-1" frameY="-13" frameWidth="378" frameHeight="447"/>
	<SubTexture name="BF NOTE UP MISS0021" x="2736" y="876" width="357" height="430" frameX="-1" frameY="-13" frameWidth="378" frameHeight="447"/>
	<SubTexture name="BF NOTE UP MISS0022" x="2736" y="876" width="357" height="430" frameX="-1" frameY="-13" frameWidth="378" frameHeight="447"/>
	<SubTexture name="BF NOTE UP MISS0023" x="2736" y="876" width="357" height="430" frameX="-1" frameY="-13" frameWidth="378" frameHeight="447"/>
	<SubTexture name="BF hit0000" x="3103" y="876" width="422" height="407" frameX="0" frameY="-17" frameWidth="455" frameHeight="425"/>
	<SubTexture name="BF hit0001" x="3535" y="876" width="413" height="425" frameX="-4" frameY="0" frameWidth="455" frameHeight="425"/>
	<SubTexture name="BF hit0002" x="10" y="1332" width="396" height="393" frameX="-59" frameY="-29" frameWidth="455" frameHeight="425"/>
	<SubTexture name="BF hit0003" x="416" y="1332" width="396" height="393" frameX="-59" frameY="-29" frameWidth="455" frameHeight="425"/>
	<SubTexture name="BF hit0004" x="822" y="1332" width="380" height="392" frameX="-58" frameY="-30" frameWidth="455" frameHeight="425"/>
	<SubTexture name="BF hit0005" x="1212" y="1332" width="380" height="392" frameX="-58" frameY="-30" frameWidth="455" frameHeight="425"/>
	<SubTexture name="BF hit0006" x="1602" y="1332" width="384" height="392" frameX="-56" frameY="-30" frameWidth="455" frameHeight="425"/>
	<SubTexture name="BF hit0007" x="1996" y="1332" width="384" height="392" frameX="-56" frameY="-30" frameWidth="455" frameHeight="425"/>
	<SubTexture name="BF hit0008" x="2390" y="1332" width="384" height="392" frameX="-56" frameY="-30" frameWidth="455" frameHeight="425"/>
	<SubTexture name="BF hit0009" x="2784" y="1332" width="384" height="392" frameX="-56" frameY="-30" frameWidth="455" frameHeight="425"/>
	<SubTexture name="BF hit0010" x="3178" y="1332" width="384" height="392" frameX="-56" frameY="-30" frameWidth="455" frameHeight="425"/>
	<SubTexture name="BF hit0011" x="3572" y="1332" width="384" height="392" frameX="-56" frameY="-30" frameWidth="455" frameHeight="425"/>
	<SubTexture name="BF hit0012" x="3178" y="1332" width="384" height="392" frameX="-56" frameY="-30" frameWidth="455" frameHeight="425"/>
	<SubTexture name="BF hit0013" x="3572" y="1332" width="384" height="392" frameX="-56" frameY="-30" frameWidth="455" frameHeight="425"/>
	<SubTexture name="BF hit0014" x="3178" y="1332" width="384" height="392" frameX="-56" frameY="-30" frameWidth="455" frameHeight="425"/>
	<SubTexture name="BF hit0015" x="3572" y="1332" width="384" height="392" frameX="-56" frameY="-30" frameWidth="455" frameHeight="425"/>
	<SubTexture name="BF hit0016" x="3178" y="1332" width="384" height="392" frameX="-56" frameY="-30" frameWidth="455" frameHeight="425"/>
	<SubTexture name="BF hit0017" x="3572" y="1332" width="384" height="392" frameX="-56" frameY="-30" frameWidth="455" frameHeight="425"/>
	<SubTexture name="BF hit0018" x="3178" y="1332" width="384" height="392" frameX="-56" frameY="-30" frameWidth="455" frameHeight="425"/>
	<SubTexture name="BF idle dance0000" x="10" y="1735" width="409" height="392" frameX="-1" frameY="-20" frameWidth="412" frameHeight="412"/>
	<SubTexture name="BF idle dance0001" x="10" y="1735" width="409" height="392" frameX="-1" frameY="-20" frameWidth="412" frameHeight="412"/>
	<SubTexture name="BF idle dance0002" x="429" y="1735" width="412" height="393" frameX="0" frameY="-19" frameWidth="412" frameHeight="412"/>
	<SubTexture name="BF idle dance0003" x="429" y="1735" width="412" height="393" frameX="0" frameY="-19" frameWidth="412" frameHeight="412"/>
	<SubTexture name="BF idle dance0004" x="851" y="1735" width="407" height="398" frameX="-3" frameY="-14" frameWidth="412" frameHeight="412"/>
	<SubTexture name="BF idle dance0005" x="851" y="1735" width="407" height="398" frameX="-3" frameY="-14" frameWidth="412" frameHeight="412"/>
	<SubTexture name="BF idle dance0006" x="1268" y="1735" width="401" height="411" frameX="-1" frameY="-1" frameWidth="412" frameHeight="412"/>
	<SubTexture name="BF idle dance0007" x="1268" y="1735" width="401" height="411" frameX="-1" frameY="-1" frameWidth="412" frameHeight="412"/>
	<SubTexture name="BF idle dance0008" x="1679" y="1735" width="401" height="412" frameX="-2" frameY="0" frameWidth="412" frameHeight="412"/>
	<SubTexture name="BF idle dance0009" x="1679" y="1735" width="401" height="412" frameX="-2" frameY="0" frameWidth="412" frameHeight="412"/>
	<SubTexture name="BF idle dance0010" x="2090" y="1735" width="404" height="412" frameX="-2" frameY="0" frameWidth="412" frameHeight="412"/>
	<SubTexture name="BF idle dance0011" x="2090" y="1735" width="404" height="412" frameX="-2" frameY="0" frameWidth="412" frameHeight="412"/>
	<SubTexture name="BF idle dance0012" x="2090" y="1735" width="404" height="412" frameX="-2" frameY="0" frameWidth="412" frameHeight="412"/>
	<SubTexture name="BF idle dance0013" x="2090" y="1735" width="404" height="412" frameX="-2" frameY="0" frameWidth="412" frameHeight="412"/>
	<SubTexture name="BF idle shaking0000" x="2504" y="1735" width="404" height="412" frameX="-1" frameY="-1" frameWidth="405" frameHeight="414"/>
	<SubTexture name="BF idle shaking0001" x="2918" y="1735" width="402" height="412" frameX="-2" frameY="-1" frameWidth="405" frameHeight="414"/>
	<SubTexture name="BF idle shaking0002" x="3330" y="1735" width="404" height="413" frameX="-1" frameY="0" frameWidth="405" frameHeight="414"/>
	<SubTexture name="BF idle shaking0003" x="10" y="2158" width="403" height="414" frameX="0" frameY="0" frameWidth="405" frameHeight="414"/>
	<SubTexture name="bf pre attack0000" x="423" y="2158" width="397" height="373" frameX="0" frameY="-1" frameWidth="410" frameHeight="374"/>
	<SubTexture name="bf pre attack0001" x="423" y="2158" width="397" height="373" frameX="0" frameY="-1" frameWidth="410" frameHeight="374"/>
	<SubTexture name="bf pre attack0002" x="830" y="2158" width="408" height="374" frameX="-2" frameY="0" frameWidth="410" frameHeight="374"/>
	<SubTexture name="bf pre attack0003" x="830" y="2158" width="408" height="374" frameX="-2" frameY="0" frameWidth="410" frameHeight="374"/>
	<SubTexture name="bf pre attack0004" x="1248" y="2158" width="406" height="374" frameX="-2" frameY="0" frameWidth="410" frameHeight="374"/>
	<SubTexture name="bf pre attack0005" x="1248" y="2158" width="406" height="374" frameX="-2" frameY="0" frameWidth="410" frameHeight="374"/>
	<SubTexture name="bf pre attack0006" x="1248" y="2158" width="406" height="374" frameX="-2" frameY="0" frameWidth="410" frameHeight="374"/>
	<SubTexture name="bf pre attack0007" x="1248" y="2158" width="406" height="374" frameX="-2" frameY="0" frameWidth="410" frameHeight="374"/>
	<SubTexture name="bf pre attack0008" x="1248" y="2158" width="406" height="374" frameX="-2" frameY="0" frameWidth="410" frameHeight="374"/>
	<SubTexture name="bf pre attack0009" x="1248" y="2158" width="406" height="374" frameX="-2" frameY="0" frameWidth="410" frameHeight="374"/>
	<SubTexture name="bf pre attack0010" x="1248" y="2158" width="406" height="374" frameX="-2" frameY="0" frameWidth="410" frameHeight="374"/>
	<SubTexture name="bf pre attack0011" x="1248" y="2158" width="406" height="374" frameX="-2" frameY="0" frameWidth="410" frameHeight="374"/>
	<SubTexture name="bf pre attack0012" x="1248" y="2158" width="406" height="374" frameX="-2" frameY="0" frameWidth="410" frameHeight="374"/>
	<SubTexture name="bf pre attack0013" x="1248" y="2158" width="406" height="374" frameX="-2" frameY="0" frameWidth="410" frameHeight="374"/>
	<SubTexture name="bf pre attack0014" x="1248" y="2158" width="406" height="374" frameX="-2" frameY="0" frameWidth="410" frameHeight="374"/>
	<SubTexture name="bf pre attack0015" x="1248" y="2158" width="406" height="374" frameX="-2" frameY="0" frameWidth="410" frameHeight="374"/>
	<SubTexture name="bf pre attack0016" x="1248" y="2158" width="406" height="374" frameX="-2" frameY="0" frameWidth="410" frameHeight="374"/>
	<SubTexture name="bf pre attack0017" x="1248" y="2158" width="406" height="374" frameX="-2" frameY="0" frameWidth="410" frameHeight="374"/>
	<SubTexture name="bf pre attack0018" x="1248" y="2158" width="406" height="374" frameX="-2" frameY="0" frameWidth="410" frameHeight="374"/>
	<SubTexture name="bf pre attack0019" x="1248" y="2158" width="406" height="374" frameX="-2" frameY="0" frameWidth="410" frameHeight="374"/>
	<SubTexture name="bf pre attack0020" x="1248" y="2158" width="406" height="374" frameX="-2" frameY="0" frameWidth="410" frameHeight="374"/>
	<SubTexture name="bf pre attack0021" x="1248" y="2158" width="406" height="374" frameX="-2" frameY="0" frameWidth="410" frameHeight="374"/>
	<SubTexture name="bf pre attack0022" x="1248" y="2158" width="406" height="374" frameX="-2" frameY="0" frameWidth="410" frameHeight="374"/>
	<SubTexture name="bf pre attack0023" x="1248" y="2158" width="406" height="374" frameX="-2" frameY="0" frameWidth="410" frameHeight="374"/>
	<SubTexture name="bf pre attack0024" x="1248" y="2158" width="406" height="374" frameX="-2" frameY="0" frameWidth="410" frameHeight="374"/>
	<SubTexture name="bf pre attack0025" x="1248" y="2158" width="406" height="374" frameX="-2" frameY="0" frameWidth="410" frameHeight="374"/>
	<SubTexture name="bf pre attack0026" x="1248" y="2158" width="406" height="374" frameX="-2" frameY="0" frameWidth="410" frameHeight="374"/>
	<SubTexture name="bf pre attack0027" x="1248" y="2158" width="406" height="374" frameX="-2" frameY="0" frameWidth="410" frameHeight="374"/>
	<SubTexture name="bf pre attack0028" x="1248" y="2158" width="406" height="374" frameX="-2" frameY="0" frameWidth="410" frameHeight="374"/>
	<SubTexture name="bf pre attack0029" x="1248" y="2158" width="406" height="374" frameX="-2" frameY="0" frameWidth="410" frameHeight="374"/>
	<SubTexture name="boyfriend attack0000" x="1664" y="2158" width="697" height="597" frameX="0" frameY="-87" frameWidth="712" frameHeight="685"/>
	<SubTexture name="boyfriend attack0001" x="1664" y="2158" width="697" height="597" frameX="0" frameY="-87" frameWidth="712" frameHeight="685"/>
	<SubTexture name="boyfriend attack0002" x="2371" y="2158" width="603" height="660" frameX="-102" frameY="-24" frameWidth="712" frameHeight="685"/>
	<SubTexture name="boyfriend attack0003" x="2371" y="2158" width="603" height="660" frameX="-102" frameY="-24" frameWidth="712" frameHeight="685"/>
	<SubTexture name="boyfriend attack0004" x="2984" y="2158" width="442" height="684" frameX="-263" frameY="0" frameWidth="712" frameHeight="685"/>
	<SubTexture name="boyfriend attack0005" x="2984" y="2158" width="442" height="684" frameX="-263" frameY="0" frameWidth="712" frameHeight="685"/>
	<SubTexture name="boyfriend attack0006" x="3436" y="2158" width="505" height="630" frameX="-207" frameY="-55" frameWidth="712" frameHeight="685"/>
	<SubTexture name="boyfriend dodge0000" x="10" y="2852" width="381" height="404" frameX="-3" frameY="0" frameWidth="389" frameHeight="404"/>
	<SubTexture name="boyfriend dodge0001" x="401" y="2852" width="381" height="404" frameX="-3" frameY="0" frameWidth="389" frameHeight="404"/>
	<SubTexture name="boyfriend dodge0002" x="792" y="2852" width="389" height="403" frameX="0" frameY="-1" frameWidth="389" frameHeight="404"/>
	<SubTexture name="boyfriend dodge0003" x="1191" y="2852" width="389" height="403" frameX="0" frameY="-1" frameWidth="389" frameHeight="404"/>
	<SubTexture name="boyfriend dodge0004" x="1590" y="2852" width="389" height="403" frameX="0" frameY="-1" frameWidth="389" frameHeight="404"/>
	<SubTexture name="boyfriend dodge0005" x="792" y="2852" width="389" height="403" frameX="0" frameY="-1" frameWidth="389" frameHeight="404"/>
	<SubTexture name="boyfriend dodge0006" x="1191" y="2852" width="389" height="403" frameX="0" frameY="-1" frameWidth="389" frameHeight="404"/>
	<SubTexture name="boyfriend dodge0007" x="1590" y="2852" width="389" height="403" frameX="0" frameY="-1" frameWidth="389" frameHeight="404"/>
	<SubTexture name="boyfriend dodge0008" x="792" y="2852" width="389" height="403" frameX="0" frameY="-1" frameWidth="389" frameHeight="404"/>
	<SubTexture name="boyfriend dodge0009" x="1191" y="2852" width="389" height="403" frameX="0" frameY="-1" frameWidth="389" frameHeight="404"/>
	<SubTexture name="boyfriend dodge0010" x="1590" y="2852" width="389" height="403" frameX="0" frameY="-1" frameWidth="389" frameHeight="404"/>
	<SubTexture name="boyfriend dodge0011" x="792" y="2852" width="389" height="403" frameX="0" frameY="-1" frameWidth="389" frameHeight="404"/>
	<SubTexture name="boyfriend dodge0012" x="1191" y="2852" width="389" height="403" frameX="0" frameY="-1" frameWidth="389" frameHeight="404"/>
	<SubTexture name="boyfriend dodge0013" x="1590" y="2852" width="389" height="403" frameX="0" frameY="-1" frameWidth="389" frameHeight="404"/>
	<SubTexture name="boyfriend dodge0014" x="792" y="2852" width="389" height="403" frameX="0" frameY="-1" frameWidth="389" frameHeight="404"/>
</TextureAtlas>
